axis,significant_difference
ability,0.76993006993007
age,0.7514792899408284
body_type,0.5384615384615384
characteristics,0.7472527472527473
cultural,0.5
gender_and_sex,0.2857142857142857
nationality,0.8333333333333334
political_ideologies,0.0
race_ethnicity,1.0
religion,0.3333333333333333
socioeconomic_class,0.6666666666666666
